0,ë§›ìžˆìŒ,2.0
1,ë¬´ë‚œí•˜ë‹¤,3.8
2,ê·¸ëƒ¥ í”í•œ íšŒì „ì´ˆë°¥ í€„ë¦¬í‹°. êµ³ì´ ì›¨ì´íŒ… í•  í•„ìš”ëŠ” ì—†ì„ë“¯.,3.8
3,ì•„ë¬´ë¦¬ ê°•ë‚¨ì´ë¼ì§€ë§Œ ê°€ê²©ëŒ€ë¹„ ë§›ì€ ë”±ížˆ..,3.7
4,í‰ì¼ ì ì‹¬ì— ì—¬ìž ì§ì›ë“¤ì´ ë§Œë“œëŠ”ê±° ë°¥ ì–‘ì´ ë„ˆë¬´ ë§Žì•„ìš”. ê¹œì§ ë†€ëžë„¤ìš”... ê°ˆìˆ˜ë¡ ì§ˆì´ ë–¨ì–´ì§€ëŠ” ê²ƒ ê°™ì•„ì„œ ì•ˆíƒ€ê¹Œì›Œìš”.,3.4
5,ì›¨ì´íŒ…ì´ ê·¹ì•…ì´ì§€ë§Œ ì‹œê°„ ìž˜ ë§žì¶°ê°€ë©´ ê°“ë²½ í•œêµ­ì—ì„œ ìŠ¤ì‹œëŠ” ê°“ë´ì´ ê°€ì„±ë¹„,3.5
6, ë§› ëª¨ë‘ í‰íƒ€ ì´ìƒì´ë¼ ë„˜ ì¢‹ì•„ìš”,3.9
7,ê°•ë‚¨ì—ì„œ ë­ ë§›ìžˆëŠ”ê±¸ ë¨¹ì–´ë³¸ ê¸°ì–µì´ ë³„ë¡œ ì—†ëŠ”ë°,3.7
8, ë‚´ ê¸°ì¤€ ì •ë§ ê°€ì„±ë¹„ì¢‹ê³  ë§›ìžˆì—ˆë‹¤. ë¯¸ì‹ê°€ê°€ ì•„ë‹ˆë¼ì„œ ì‹¼ê±°ë„ ì£¼ë¬¸í•´ì„œ ë¨¹ê³  ë¹„ì‹¼ê±´ ë ˆì¼ì—ì„œ ì§‘ì–´ë¨¹ì—ˆëŠ”ë° í€„ë¦¬í‹°ê°€ ë‹¤ ë„ˆë¬´ ì¢‹ì•˜ìŒ. ì™€ê·œë„ ë§›ìžˆê³  ìƒì„ ë¥˜ë„,3.5
9, ê³„ëž€ì´ë‚˜ ìœ ë¶€ë„ ë‹¤ ë§›ìžˆì—ˆë‹¤. ìž¬ë°©ë¬¸ì˜ì‚¬ 58000%,5.0
10,ì´ ì •ë„ë©´ ì†”ì§ížˆ ì¼ë³¸ì— ìŠ¤ì‹œ ë¨¹ìœ¼ëŸ¬ ê°ˆ í•„ìš” ì—†ì§€ìš”. ë¡¤ ê°™ì€ ê±´ ì—†ëŠ” ì§„ì§œ ìŠ¤ì‹œì§‘ìž…ë‹ˆë‹¤.,3.2
11,ì›¨ì´íŒ…ì´ í•­ìƒ ê¸¸ì§€ë§Œ,3.6
14,í•¸ë“œí° ë³´ê³  ì˜†ì— ë‹¤ì´ì†Œ êµ¬ê²½í•˜ë‹¤ ë³´ë©´ ì‹œê°„ ìž˜ê°€ìš¥ì¢ì§€ë§Œ ì£¼ì°¨ìžë¦¬ë„ ìžˆê³ ,4.3
16, ì§ì›ë“¤ë„ ì¼ ìž˜í•˜ê³  ì¹œì ˆ,4.0
18, ì—¬ê¸°ì„œ ì¼í•˜ê¸° íž˜ë“œì‹¤ ê²ƒ ê°™ë‹¤ëŠ” ìƒê° ë“¤ì—ˆì–´ìš” ë„ˆë¬´ ë°”ë¹ ì„œ,4.9
20,ì €ëŠ” ì˜¤ë§ˆì¹´ì„¸ë³´ë‹¤ ì œê°€ ê³¨ë¼ë¨¹ì„ ìˆ˜ ìžˆëŠ” ê°“ë´ìŠ¤ì‹œê°€ ë” ì¢‹ì•„ìš”... ë§›ë„ ê·¸ëƒ¥ ê°“ë´ìŠ¤ì‹œê°€ ì œ íƒ€ìž…,4.0
22, ë¨¸ ì˜¤ë§ˆì¹´ì„¸ë„ ë§›ìžˆëŠ” ê³³ì€ ë§›ìžˆì§€ë§Œ,4.4
24, ë¬´íŠ¼ ë˜ ë¨¹ê³ ì‹¶ë„¤ìš”ðŸ¥¹There's always waiting here but it's worth it.It's small but there's also a parking lot.You can choose what you want to have. Also,3.8
25, the staffs are so friendly and professional. Highly recommend this sushi place if you are planning to visit Gangnam :),4.1
26,ê´œì°®ì•„ìš”,4.0
27,ì¹œì ˆí•˜ê³  ë§›ìžˆìŒ ì›¨ì´íŒ…ì´ ê¸´ ê²ƒë¹¼ê³¤ ì¢‹ì•„ìš”,3.7
28,ë„ˆë¬´ë„ˆë¬´ ë§›ìžˆì–´ìš”ã… ã… ê¸°ë‹¤ë¦¬ëŠ”ê²Œ ì•ˆì•„ê¹ë„¤ìš”,5.0
29,ì¡°ì•„ì—¬,4.5
30,ì§ì›ë¶„ë“¤ì´ ë”± ì ë‹¹ížˆ ì¹œì ˆí•©ë‹ˆë‹¤. ë„ˆë¬´ ì¢‹ì•„ìš”. ê³ ê¸°ë¥˜ë³´ë‹¤ ìƒì„ ë¥˜ ì´ˆë°¥ì´ í›Œë¥­í•˜ê³ ,3.5
31, ì‚¬ì´ë“œë¡œ ì‹œí‚¨ ì•ˆì£¼ë„ ë–¨ì–´ì§€ì§€ ì•ŠìŠµë‹ˆë‹¤. í›„ê¸° ìž˜ ì•ˆì“°ëŠ”ë° ê°•ë‚¨ ìœ ì¼ì˜ ë§›ì§‘ì´ë„¤ìš”. ê°•ì¶”í•©ë‹ˆë‹¤.,4.3
32,ê¸´ë§ì´ í•„ìš” ì—†ì–´ìš”. ë§›ìžˆìŠµë‹ˆë‹¤.,3.6
33,10ë…„ ë‹¨ê³¨ì´ì—ìš”.,3.8
34,ì›¨ì´íŒ…ì´ ì¢€ ê¸¸ì—ˆê³  ë‚˜ë¨¸ì§„ ì˜ì˜,3.9
35,ì°¸ë‹¤ëž‘ì–´ ëŒ€ë±ƒì‚´ì€ god,3.4
36,ë‚«ë°°ë“œ ê°“ë´,3.4
37,ê°“ë´ìŠ¤ì‹œ ë§¤ìž¥ ë‹¤ë¥¸ê³³ë„ ê°€ë´¤ëŠ”ë° ê°•ë‚¨ì ì´ ì œì¼ ë‚˜ì€ë“¯ í•©ë‹ˆë‹¤. ìŠ¤ì‹œ ì¢…ë¥˜ë‚˜ ì„ ë„,3.5
38, ë§›ê¹Œì§€ ì•„ì£¼ì¢‹ì•˜ê³  ì˜¤ë„ë¡œ,3.9
39, ì£¼ë„ë¡œê°€ íŠ¹ížˆ ì¸ìƒì ì´ì—ˆë„¤ìš”ì„œìš¸ ì‹œë‚´ì—ì„  ì‚¼ì„±ë™ ìŠ¤ì‹œížˆë¡œë°”ì™€ íˆ¬íƒ‘ì¼ë“¯ í•©ë‹ˆë‹¤.ë‹¨ì ì´ë¼ë©´ ëŒ€ë¶€ë¶„ì˜ ë§›ì§‘ì´ ê·¸ë ‡ë“¯ ì›¨ì´íŒ…ì´ ë„ˆë¬´ ê¸¸ë‹¤ëŠ”ê±°ã…Ž,3.4
40,ë§¥ì£¼ í•œìž”ì´ëž‘ ê°™ì´ ë¨¹ìœ¼ë‹ˆê¹Œ ë”± ì¢‹ì•„ìš”! ì´ˆë°¥ë„ ë§Žì´ ëŠë¼í•˜ì§€ ì•Šê³  ê°ˆë”í•´ì„œ ë§›ìžˆê³  ë¬´ì—‡ë³´ë‹¤ ì§ì›ë¶„ë“¤ì´ ì¹œì ˆí•´ì„œ ë„ˆë¬´ ì¢‹ìŠµë‹ˆë‹¤! ê²¨ìš¸ì‹œì¦Œ íŠ¹ë³„ë©”ë‰´ë„ìžˆìœ¼ë‹ˆ ë” ë” ì¢‹ê³ ìš”!,3.7
41,ë§›ìžˆì–´ìš”. íšŒì „ì´ˆë°¥ë„ ì´ì •ë„ í€„ë¦¬í‹°ê°€ ê°€ëŠ¥í•˜êµ¬ë‚˜ë¥¼ ëŠê¼ˆìŠµë‹ˆë‹¤~,3.7
42,ë§›ìž‡ë„¤ìš”,4.3
43,ë§›ìžˆë‹¤... ê·¸ì¹˜ë§Œ ê°€ê²©ì´ ì‚´ì§ ì‚¬ì•…í•˜ë‹¤...ë„ˆë¬´ ë§›ìžˆì–´ì„œ ìž˜ëª»í•˜ë‹¤ê°„ í°ì¼ë‚  ìˆ˜ ìžˆì–´ì„œ 4ì ì´ì—ìš”,4.3
44,ê°€ë³¸ ê³³ ì¤‘ì—ì„  ìœ ì¼í•˜ê²Œ ê°•ë‚¨ì—­ ì¸ê·¼ì—ì„œ ëˆê°’í•˜ëŠ” ì‹ë‹¹,4.6
45,ìƒ¤ë¦¬ëŠ” ìžê·¹ì ì´ì§€ ì•Šì•„ì„œ ê´œì°®ì€ë° ë²Œë ˆ ë‚ ì•„ë‹¤ë‹ˆë‹¤ ì´ˆë°¥ì— ë¶™ëŠ” ê±° ë³´ê³  ë‚œ ë³„ë¡œ. ì´ˆë°¥ ë§› ìžì²´ëŠ” í‰ë²”,5.0
46,ë§›  ì¤‘ìƒìš°ë¦¬ë‚˜ë¼ íšŒì „ì´ˆë°¥ì§‘ë“¤ ìˆ˜ì¤€ì— ë¹„í•˜ë©´ ì›”ë“±ížˆ ë‚«ë‹¤..,3.9
47,í¡ìž…í¡ìž…,3.9
48,ì ì‹¬ ê°€ì„±ë¹„ êµ¿,4.1
49,ë¶ˆë‹­ì†ŒìŠ¤ì— ë‘ë¶€íŠ€ê¸´ ì´ˆë°¥ ì§„ì§œ ë§›ìžˆìŒìŠ¤ë¬´ì‚´ í•œì°½ ë°©í™©í•˜ë˜ ë•Œì— ì€ì¸ì´ ë°ë ¤ê°€ ì¤€ ê³³ì´ë¼ê°€ë” í˜¼ìž ê°€ë©´ ì¶”ì–µì— ìž ê¸°ê¸°ì—5ì  ì•„ëž˜ ì ìˆ˜ë¥¼ ì¤„ ìˆ˜ê°€ ì—†ì–´ 5ì ì„ ì¤¬ì§€ë§Œì¢…ì¢… ê°€ì„±ë¹„ ë–¨ì–´ì§€ëŠ” ì´ˆë°¥ë“¤ì´ ìžˆê¸´ í•¨ ã…Ž,4.3
50,ê°“ë´ìŠ¤ì‹œ ì§€ì  ì¤‘ ê°€ìž¥ ë§›ìžˆëŠ”ê±°ê°™ì•„ìš”,4.1
51,ëˆˆë¬¼ ë‚˜ì˜¤ëŠ” ë§›. ê°€ê²© . ë‚´ ì¹´ë“œë‚´ì—­,3.0
52,íšŒì‹ìœ¼ë¡œê°”ëŠ”ë° í€„ë¦¬í‹°ì¢‹ì€ ê³³ë§›ë„ êµ¿,4.0
53,ì§„ì§œ ì§„ì§œ ëŒ€ë°• ë§›ìžˆì–´ìš”ìžëª½ì—ì´ë“œë„ ìœ ë‚œížˆ ë§›ìžˆëŠ” ê±° ê°™ì•„ìš”ê¼­ ë°©ë¬¸ ì¶”ì²œ ëŒ€ë°•ìž„,3.5
54,ê°•ì¶”,4.5
55,ì ì‹¬íšŒì‹ìœ¼ë¡œ ê°”ëŠ”ë° ë§Œì¡±.. ë˜ ê°€ê³ ì‹¶ì–´ìš”.,2.5
56,íšŒëŠ” ë§›ìžˆëŠ”ë° ë¬µì€ì§€ê°€ ì¢€ ë³„ë¡œ..,4.6
57,ìª¼ë” ê°€ê²©ëŒ€ê°€ ìžˆê¸´í•˜ì§€ë§Œ í€„ë¦¬í‹°ê°€ íƒ€ íšŒì „ì²˜ë°¥ì§‘ê³¼ëŠ” ë¹„êµë¶ˆê°€ì¸ê²ƒê°™ì•„ìš” ëœ¨ê±°ìš´ ë…¹ì°¨ê°€ ì—†ë˜ê²Œ ì•„ì‰¬ì› ë„¤ìš” ê°€ë¼ì•„ê²Œ ìµœê³ ì—ìš”,4.0
58,ë¬´ë‚œ! ì›¨ì´íŒ… ì–¸ì œë‚˜ ìžˆìŒ,3.7
59,ì´ˆë°¥ë“¤ì´ ì‹ ì„ í•˜ê³  ë§›ìžˆì–´ìš”,4.1
60,ì›¨ì´íŒ…ì€ í‰ì¼ ì ì‹¬ê¸°ì¤€ ìµœì†Œ 15ë¶„-20ë¶„ ì´ì—ˆê³ ,3.5
61, ë§›ì€ ë¬´ë‚œí–ˆì–´ìš” ë‹¤ë§Œ ê·¸ë ‡ê²Œ ì¢…ë¥˜ê°€ ë§Žì§€ì•Šì€ê²ƒì— 4ì /5ì ,5.0
62,ì†Œë¬¸ë‚œ ì§‘ì´ì§€ë§Œ ë¨¹ì„ ê²Œ ë§ŽìŠµë‹ˆë‹¤. ë‹¨,2.9
63, ì›¨ì´íŒ… ê°ë‹¹ ë˜ì‹œëŠ” ë¶„ë“¤ë§Œ ê°€ì„¸ìš”,4.1
64,ìƒ¤ë¦¬ê°€ ê·¸ëƒ¥ ë–¡ìž„,3.9
65,ì¹œì ˆ,4.4
66, ë§›ì€ ë³´í†µ ì°¸ì¹˜ëŠ” ë³„ë¡œì˜€ë‹¤,3.4
67,ë‹¨ê³¨ì´ì—ìš”! ì •ë§ ê°€ì„±ë¹„ íšŒì „ì´ˆë°¥ ë§›ì§‘ìž…ë‹ˆë‹¤.ì´ˆë°¥ ì¢…ë¥˜ê°€ ì´ë ‡ê²Œ ë§Žì€ ê³³ì€ ì²˜ìŒì´ì—ìš”.ì§ì›ë¶„ë“¤ì˜ íŒ€ì›Œí¬ê°€ ë„ˆë¬´ ì¢‹ë„¤ìš”~~ë§ˆê°ì‹œê°„ ë‹¤ê°€ì˜¬ ë•ŒëŠ” ê°€ì§€ ë§ˆì„¸ìš”!ì£¼ë¬¸í•  ìˆ˜ ìžˆëŠ” ì‹œê°„ì´ ì •ë§ ì§§ì•„ìš”,3.3
68,ê°€ì„±ë¹„ ì¢‹ê³  ì •ë§ ë§›ìžˆì–´ìš”!! ì¢…ë¥˜ë„ ì—„ì²­ ë§Žì•„ì„œ ì¢‹ì•„ìš”ì—°ì–´ë§ˆìš” ì—°ì–´ë±ƒì‚´ ê´‘ì–´ë¬µì€ì§€ ì¶”ì²œí•´ìš”! ì§ì›ë¶„ë“¤ë„ ì¹œì ˆí•´ìš”,1.0
69,ê°€ë”ì”© ê°€ëŠ”ë° ë§›ìžˆëŠ”íŽ¸,3.4
70,ì´ˆë°¥ë§›ì€ í‰ë²”í•˜êµ¬ ê°€ê²©ì€ ì—„ì²­ ë¹„ì‹¸ì§€ë§Œ ëŒ€ì‹  ê°€ê²©ë§Œí¼ ëŒ€ì ‘ë°›ëŠ” ë¶„ìœ„ê¸°ì´êµ¬ ê°€ê²Œ ë‚´ë¶€ ì¸í…Œë¦¬ì–´ë„ êµ‰ìž¥ížˆ ì¢‹ìŠµë‹ˆë‹¤  ë‹¨ì§€ ì£¼ì°¨ê°€ íž˜ë“¤ê³  ì›¨ì´íŒ…ì´ í•­ìƒ ìžˆìŠµë‹ˆë‹¤ ê°€ê²Œì•žì— ë°œë › ë§¡ê¸¸ê²½ìš° ì‚¼ì²œì›ì˜ ì£¼ì°¨ë¹„ê°€ ë°œìƒí•©ë‹ˆë‹¤,4.4
71,êµ­ë‚´ì—ì„œ ì œì¼ ì¼ë³¸ìŠ¤ì‹œì§‘ ê°™ì€ê³³ë˜ê°”ê³  ë˜ê°ˆì§‘,4.4
72,í…Œì´ë¸”ë§ìœ¼ë¡œ ì˜ˆì•½í•˜ëŠ” ê³³ìˆœí™˜ ë¹ ë¥´ê³  ì „ë°˜ì ìœ¼ë¡œ ì¹œì ˆí•©ë‹ˆë‹¤.ë§›ë„ ìžˆê³  ë‹¨ê³¨ì´ ë§Žë‹¤ë³´ë‹ˆ ë³€ì£¼ë„ ì¦ê¸°ëŠ”ë“¯.(ì´ë²ˆì—ëŠ” ê°íƒœíŠ¹ì§‘ì„ í•˜ë„¤ìš”)'í„°ì¹­'ìœ¼ë¡œ ì¿ í°ë„ ì ì í•˜ë‹ˆ ê¼­ ì±™ê¸°ì„¸ìš”.,2.6
73,ê°“ëŽ€... ìž¥ì–´ ì´ˆë°¥ ë“œì„¸ìš” ^^,4.2
74,ì›¨ì´íŒ…ì´ ê¸¸ê¸´ í•˜ì§€ë§Œ ì§ì›ë¶„ë“¤ë„ ì¹œì ˆí•˜ì‹œê³  ì´ˆë°¥ë„ ë§›ìžˆìŠµë‹ˆë‹¤. ê·¸ë¦¬ê³  ì›í•˜ëŠ”ê±° ì£¼ë¬¸í•˜ë©´ ê¸ˆë°© ë§Œë“¤ì–´ì£¼ì‹­ë‹ˆë‹¤.,3.5
75,ê°€ì§€ë§ˆì„¸ìš” ê·¸ëƒ¥. ë§ì´ í•„ìš” ì—†ìŠ´ë‹¤. ê°€ì§€ë§ˆì„¸ìš”,3.9
76,ì£¼ë§ 11ì‹œ ë°˜ì— ê°”ëŠ”ë° ì•žì— ì›¨ì´íŒ… 7íŒ€ ìžˆì—ˆê³ ,3.6
77, 15ë¶„ ì •ë„ ê¸°ë‹¤ë ¤ì„œ ë“¤ì–´ê°”ìŠµë‹ˆë‹¤.ì´ˆë°¥ì€ ê°€ê²©ì´ ì¢€ ìžˆëŠ” íŽ¸ì´ì§€ë§Œ ë§›ìžˆì–´ìš”!,3.3
78,ë§ì´ í•„ìš”ì—†ë‹¤. ë¬´ì¡°ê±´ ã„±,4.2
79,ì´ˆë°¥ ìƒê°ë‚˜ë©´ ë¬´ì¡°ê±´ ì—¬ê¸°ë¡œ ì™€ìš”>_<ì›¨ì´íŒ…ì´ ëŠ˜ ê¸¸ì§€ë§Œ,4.4
81, ì‹ ì„ í•´ì„œ ê·¸ëŸ°ì§€ í•˜ë‚˜ê°™ì´ ìž…ì—ì„œ ë…¹ì•„ì„œ ê¸°ë‹¤ë¦´ ìˆ˜ ìžˆìŠµë‹ˆë‹¤ã…Žã…Ž,4.3
82,ë§›ìž‡ëŠ” ì´ˆë°¥ì§‘ëŠ˜ ì‚¬ëžŒì´ ë§Žì•„ì›¨ì´íŒ…í•´ì•¼í•˜ëŠ”ê²Œ ë‹¨ì ,4.8
83,í‰ì¼ì—ë„ ì›¨ì´íŒ… ìž¥ë‚œì•„ë‹™ë‹ˆë‹¤ë§›ì€ ë¬´ë‚œí•´ìš” ê°€ê²©ì€ ë¹„ì‹¼íŽ¸ì´ê³ ê°€ì§“ìˆ˜ê°€ ë§Žì•„ì„œ ì¢‹ì•„ìš” ì„œë¹„ìŠ¤ ì‘ëŒ€ë„ ì¢‹ê³ ,3.7
84,ë§› í€„ë¦¬í‹°....ê´‘í™”ë¬¸ ë™í•´ë„ì™€ ë³„ë°˜ ì°¨ì´ ì—†ìŒ. ê°€ê²©ëŒ€ë¼ë©´ ë§˜ê» ì·¨ì‚¬ì„ íƒê°€ëŠ¥í•œ ë™í•´ë„ ì„ íƒí•˜ê² ìŒ,5.0
85,ì‚¬ëžŒ ë„˜ ë§Žì•„ì„œ ì•„ì‰½ì§€ë§Œ ë§›ì€ ìžˆìŠµë‹ˆë‹¤ ã…Žã…Žë‘˜ì´ ê°€ë©´ ì‹­ë§ˆë„Œì€ ëšë”± ë„˜ê¸°ëŠ”ë“¯,4.1
86,ê°€ê²© êµ³ë§› êµ³ê·¼ë° ì›¨ì´íŒ…ì´ ìµœì•…...ê·¸ëž˜ì„œ 4...,3.3
87,í”„ëžœì°¨ì´ì¦ˆ ì´ˆë°¥ì§‘ ì¤‘ì—ì„œ ê°€ìž¥ ë§›ìžˆì—ˆë˜ ì§‘!!ì´ˆë°¥ ìœ„ì— ì˜¬ë¼ê°€ëŠ” ìƒì„  êµ‰ìž¥ížˆ ì§ˆì´ ì¢‹ê³  í¼ë‹¤ë§Œ ê°€ê²©ì´ ë„ˆë¬´ ì‚¬ì•…í•´ì„œëª‡ ì ‘ì‹œ ì•ˆ ë¨¹ì—ˆëŠ”ë°ë„ì¼ ì¸ë‹¹ 20,4.0
88,000ì› ì´ìƒ í›Œì© ë‚˜ì˜´...ê·¸ë¦¬ê³  ìµœì•…ì˜ ë‹¨ì ì´ë¼ë©´....ì œë°œ ì´ˆë°¥ ì ‘ì‹œ ì˜¬ë¦´ ë•Œ í•œêº¼ë²ˆì— ë­‰íƒ±ì´ë¡œê°™ì€ ì¢…ë¥˜ë¡œ ì˜¬ë¦¬ì§€ ì¢€ ë§ì•„ì¤¬ìŒ....ë¬´ìŠ¨ ì—°ì´ì–´ì„œ ê°™ì€ ì´ˆë°¥ì„ 7~10ê°œì”© ì˜¬ë ¤ë†“ê³ ë©”ë‰´íŒì˜ ì´ˆë°¥ ì¢…ë¥˜ëŠ” ê±°ì˜ 100ê°œ ê°€ê¹Œì´ ë˜ëŠ”ë°ì‹¤ì§ˆì ìœ¼ë¡œ ì˜¬ë¼ì˜¤ëŠ” ì´ˆë°¥ ì¢…ë¥˜ëŠ”ì§„ì§œ ë§Žì´ ì³ì¤˜ë„ 20ê°œê°€ ì•ˆ ë¨ì£¼ë¬¸í•˜ë©´ ë§Œë“¤ì–´ì£¼ê¸°ëŠ” í•˜ì§€ë§Œë§¤ë²ˆ ìš”ì²­í•˜ê¸°ë„ ë¯¸ì•ˆí•˜ê³ ...ì¢€ ë‹¤ì–‘í•˜ê²Œ ì—¬ëŸ¬ ê°€ì§€ ì„žì–´ì„œ ì˜¬ë ¤ì¤¬ìœ¼ë©´ ì¢‹ê² ìŒì œë°œ...,4.3
89,220323ì›¨ì´íŒ…ì´ ë„˜ ê¸¸ì–´ìš” ã… ã… ë§›ì€ ìžˆì§€ë§Œ ê°€ê²©ì´ ì‚¬ì•…í•˜ê¸´ í•œ ë“¯..ë‘˜ì´ì„œ 10ë§Œì› ì±„ìš°ê³  ë‚˜ì™“ìŒ,3.3
90,ë§›ìžˆë‹¤,5.0
91,ê²°ì œí• ë•Œ ê°€ê²©ì´ ì œê°€ ìƒê°í•œê°€ê²©ê³¼ ë‹¬ë¼ì„œ ë­ì§€í–ˆëŠ”ë° ê°€ê²Œì—ì„  ì•„ì§ ì˜ˆì „ ë§¤ë‰´íŒì„ ì“°ì‹œë”ë¼êµ¬ìš”ê·¸ëž˜ë„ ë§›ìžˆì–´ì„œ ê¸°ë¶„ì¢‹ê²Œ ê³„ì‚°í•˜ê³ ì™”ì–´ìš”,3.3
92,ë§Œì¡±í•©ë‹ˆë‹¤.,2.8
93,ë°°ë¶ˆëŸ¬ìš”,3.4
94,ë§›ì€ ë‚˜ì˜ì§€ì•Šì€ë° í™€ì§ì›ë¶„ë“¤ì´ ë¶ˆì¹œì ˆ,3.7
95,ì „ë°˜ì ìœ¼ë¡œ ë§›ìžˆê³  ë¶„ìœ„ê¸°ë„ ì¢‹ì€ ë° ì›¨ì´íŒ…ì´ ë„ˆ~~ë¬´ ê¸¸ì–´ìš” ã… ã… ã…Žã…Ž,4.3
96,ë‚˜ì˜ì§€ ì•Šê²Œ ë¨¹ì—ˆì–´ìš”! ì§ì›ë“¤ë„ ì¹œì ˆì“°,4.4
97,ë§›ìžˆì–´ì„œ ìžì£¼ê°€ìš”!!ì¶”ì²œì¶”ì²œí°ìƒì„  ì¡°ì•„í•˜ëŠ”ë° ì‚¬ë¥´ë¥´ ë…¹ì•„ìš”,4.2
98,ê·¸ëƒ¥ ë³´í†µ ì´ˆë°¥ì§‘,4.4
99,í‰ì¼ 14ì‹œ 1,3.9
100,2íŒ€ ì›¨ì´íŒ… ìžˆì„ ì‹œê°„.ë ˆì¼ ìœ„ì— ì´ˆë°¥ë„ ë„ˆë¬´ ì—†ê³ ,3.8
101, ë§í•´ë„ ëŠ¦ê²Œ ë§Œë“¤ì–´ ì¤Œ.ê°“ë´ ë§¤ìž¥ ì¤‘ì—ì„œëŠ” ì œì¼ ë§›ìžˆì–´ì„œ ì›¨ì´íŒ…í•´ì„œë¼ë„ ì¢…ì¢… ë¨¹ì—ˆì—ˆëŠ”ë° ë§›ë„ ë„ˆë¬´ í‰ë²”í•´ì§.ì™œì¸ì§€ ì™€ê·œ êµ¬ì´ ì´ˆë°¥ëŠ” 20ì´ˆì•ˆì— ë¹¨ë¦¬ ê°–ë‹¤ ì£¼ëŠ”ë° ê³ ê¸°ê°€ ë¯¸ì§€ê·¼í•¨... ì–´ë”” ë Œì§€ì— ë°ìš´ ëŠë‚Œ.ì „ì²´ì ìœ¼ë¡œ ë„ˆë¬´ ì‹¤ë§í–ˆì–´ìš”ã… ,4.4
102,ë§›ìžˆê³  ê¹”ë”í•´ìš” ^^ì‚¬ëžŒ ì—„ì²­ ë§Žì•„ìš”,3.8
103,ìŒâ€¦ ê°€ê²© ëŒ€ë¹„ ë„ˆë¬´ ë³„ë¡œâ€¦â€¦â€¦ ì›¨ì´íŒ…í•œ ì‹œê°„ ë„ˆë¬´ ì•„ê¹â€¦ëˆ ë„ˆë¬´ ì•„ê¹â€¦,4.0
104,ìŠ¤ì‹œ ì¢…ë¥˜ë„ ë§Žê³  ë§›ìžˆì–´ìš”!,4.0
105,ìŠ¤ì‹œ ì¢…ë¥˜ë„ ë§Žê³  ì‹ ì„ í•˜ê³  ë§›ìžˆì–´ìš”. í•œ ë²ˆ ê°ˆ ë•Œ ì‹ ë‚˜ê²Œ ë¨¹ê³  ì˜µë‹ˆë‹¤.^^,4.3
106,ë„“ê³  ì¾Œì í•´ì„œ ì¢‹ì•„ìš” ì§ì›ë¶„ë“¤ ì¹œì ˆí•˜ì‹œêµ¬!íŒŒíŠ€ê¹€ì—°ì–´ ì«€ë§›,3.9
108, ì²­ì–´ëŠ” ì¡°ê¸ˆ ë¹„ë ¸ìŒ ã… ã… ì²˜ìŒ ê°€ë´¤ëŠ”ë° ë‹¤ìŒì— ë˜ ê°€ê³ ì‹¶ì–´ìš” ì¤„ë§Œ ì•ˆì„ ë‹¤ë©´,5.0
111,ì—¬ê¸°ì—ì„œëŠ” ë‹¤ë¥¸ í‰ë²”í•œ íšŸì§‘ë³´ë‹¨ íšŒë“¤ì„ ì¢€ ë” ì—…ê·¸ë ˆì´ë“œ ëœ ë²„ì „ìœ¼ë¡œ ë§›ë³¼ ìˆ˜ ìžˆì—ˆê³  ë¬¼ë¡  ê·¸ë§Œí¼ ê°€ê²©ì´ ê°’ì‹¸ì§„ ì•Šì•˜ìŠµë‹ˆë‹¤.í•˜ì§€ë§Œ ì €ëŠ” íšŒë¥¼ ì‚¬ëž‘í•˜ëŠ” ì‚¬ëžŒìœ¼ë¡œì„  ì •ë§ ë§Œì¡±ìŠ¤ëŸ¬ì› ìŠµë‹ˆë‹¤.ì €ëŠ” ì°¸ì¹˜ 5ì¢…,4.3
112, ë¶‰ì€ìƒìƒˆìš°,3.9
113, ì—°ì–´ë±ƒì‚´,3.8
114, ì™€ê·œíƒ€íƒ€í‚¤,4.1
115, ê°„ìž¥ìƒˆìš°,1.7
116, ì° ì „ë³µ,3.5
117, íƒ€ì½”ì™€ì‚¬ë¹„êµ°í•¨ì„ ë¨¹ì—ˆë˜ ê±¸ë¡œ ê¸°ì–µí•˜ëŠ”ë° ì°¸ì¹˜ 5ì¢…,3.4
118, ì—°ì–´ë±ƒì‚´ì€ ê¼­ ë“œì…”ë³´ì‹œê¸¸ ë°”ëžë‹ˆë‹¤. ì™€ê·œíƒ€íƒ€í‚¤ëŠ” í˜¸ë¶ˆí˜¸ê°€ ê°ˆë¦´ë“¯í•˜ê³  ì° ì „ë³µì€ ê·¸ë‹¥ ì¶”ì²œí•˜ì§„ ì•ŠìŠµë‹ˆë‹¤.ì°¸ì¹˜ 5ì¢…ë§ê³  ë‹¨í’ˆìœ¼ë¡œ ë“œì‹œê¸¸ ì›í•œë‹¤ë©´ ì˜¤í† ë¡œì´ˆë°¥ê³¼ ì°¸ë‹¤ëž‘ì–´ ì¤‘ë±ƒì‚´ì€ ê¼­ ë“œì‹œê¸¸ ì¶”ì²œë“œë¦½ë‹ˆë‹¤. (ì˜¤í† ë¡œ ì´ˆë°¥ì€ ìž…ì— ë„£ì—ˆì„ ë•Œ ê¸°ë¦„ê¸°ê°€ ì€ì€í•˜ê²Œ ë¿œì–´ì ¸ë‚˜ì˜¤ë©° ë¶€ë“œëŸ¬ì› ê³ ,3.3
119, ì°¸ë‹¤ëž‘ì–´ ì¤‘ë±ƒì‚´ì€ ì •ë§ ìž…ì—ì„œ ì‚¬ë¥´ë¥µ ë…¹ì•˜ìŒ),2.6
120,ë¬´ì§€ ë§›ìžˆì–´ìš” !ì œê°€ ë¨¹ì€ ê²ƒ ì¤‘ì— ê³„ëž€ë§ì´ ì´ˆë°¥ì´ íŠ¹ížˆë‚˜ ë§›ìžˆì—ˆì–´ìš”ê°€ê²©ë„ ì €ë ´í•œ íŽ¸ì´ê³  ë¶„ìœ„ê¸°ë„ ì¢‹ê³ ì‚¬ëžŒ ë§Žì•„ì„œ íšŒì „ ë¹¨ë¼ ì´ˆë°¥ë„ ì‹ ì„ í•œ ê²ƒ ê°™ê³ ì•žìœ¼ë¡œ ìžì£¼ ê°ˆ ë“¯ìš” ã…‹ã…‹,4.2
121,ì¼ë¶€ëŸ¬ ì›¨ì´íŒ… í”¼í•˜ë ¤ê³  3ì‹œì— ê°”ëŠ”ë°ë„ ë¹„ì—„ì²­ì˜¤ëŠ” ë‚ ì¸ë°ë„ ì›¨ì´íŒ… í–ˆë„¤ìš” 40ë¶„ ì •ë„?? ë„ˆë¬´ ë§›ìžˆì–´ìš”. ê°€ê²©ë„ ë‚˜ì˜ì§€ ì•Šì€ ê²ƒ ê°™ì•„ìš”,1.6
122,ì—¬ê¸°ê°€ ìµœê³ ìž…ë‹ˆë‹¤  ì´ëžìƒ¤ì´ë§›ì„¸,1.6
123,ê°•ë‚¨ì ì´ ìœ ë‚œížˆ ë§›ìžˆëŠ”ê±°ê°™ê¸´í•˜ë„¤ìš”. ê°€ê²©ëŒ€ëŠ” ì¢€ ë‚˜ê°€ì§€ë§Œ ê°•ë‚¨ì¸ê±°ì¹˜ë©´ ê°ìˆ˜í• ë§Œí•©ë‹ˆë‹¤,5.0
124,ê°“ë´ìŠ¤ì‹œ ì—¬ëŸ¬ ì§€ì ì„ ê°€ë´¤ì§€ë§Œê°•ë‚¨ì ì´ ìµœê³ ì¸ê²ƒ ê°™ìŠµë‹ˆë‹¤!!ì ì‹¬ ì €ë…ìœ¼ë¡œ ì›¨ì´íŒ…ì´ í•­ìƒ ìžˆì„ ì •ë„ë¡œ ì¸ê¸°ê°€ ë§Žì€ê²Œ ë‹¨ì ì´ì§€ë§Œ,5.0
125,ê·¸ë§Œí¼ íšŒì „ìœ¨ì´ ë¹¨ë¼ ì‹ ì„ í•œ ì´ˆë°¥ë“¤ì´ ë‚˜ì˜¨ë‹¤ëŠ”ê²Œ ìž¥ì ìž…ë‹ˆë‹¤!! íšŒì „ì´ˆë°¥ì§‘ë“¤ ì¤‘ì— ì˜¬ë¼ì˜¨ ì´ˆë°¥ë“¤ì´ ë§ë¼ìžˆëŠ” ê³³ë„ ìƒë‹¹ížˆ ë§Žìœ¼ë‹ˆê¹Œìš”.íŠ¹ížˆ ìƒˆìš° ì´ˆë°¥ë“¤ì´ êµ‰ìž¥ížˆ í€„ë¦¬í‹°ê°€ ì¢‹ì•˜ìŠµë‹ˆë‹¤ë‹¨,4.0
126, ì–‘ë…ê²Œìž¥êµ°í•¨ì€ ë¹„ì¶”ì²œí•©ë‹ˆë‹¤~~ìƒˆìš° ì´ˆë°¥ í•˜ë‚˜ ë” ë“œì„¸ìš”~~~,3.9
127,ì‚¬ì´ë“œë©”ë‰´ë„ ì´ˆë°¥ë„ ë§›ìžˆì–´ìš”,4.0
128,ìƒì„ ë„ ì‹±ì‹±í•˜ê³  ì¢…ë¥˜ë„ ë‹¤ì–‘í•©ë‹ˆë‹¤,3.4
129,ê·¸ëƒ¥ ìµœê³  ê°“ë´ì€ ë¯¿ê³  ë¨¹ì–´ìš” êµ³êµ³,3.9
130,ë°°ë¶€ë¥´ê²Œ ë¨¹ê³ ë‚˜ë©´ ê³„ì‚°ì„œë³´ê³  ë†€ë¼ì§€ë§Œ ^^... ë§›ìžˆì–´ìš”,4.6
131,ìµœê³ ã…œã…œ,1.5
132,ì—°ì–´ë±ƒì‚´ì´ì§„ì§œìµœê³  ìž…ì—ì„œë…¹ëŠ”ë‹¤ëŠ”ê²Œì´ëŸ°ê±°êµ¬ë‚˜ì‹¶ìŒ,5.0
133,ìµœê³ ,4.5
134,ë§›ìžˆì–´ìš” ê°„ì´ ì¢€ ì•˜ëŠ”íŽ¸,2.6
135,ë‹¤ë¥¸ ì§€ì ë³´ë‹¤ ì‹±ì‹±í•˜ê³  ë§›ë‚¨,2.9
136,ë‹¤ë¥¸ì§€ì ë³´ë‹¤ ë§›ìžˆì–´ì„œ ë¨¼ê¸¸ì´ì§€ë§Œ í•­ìƒ ê°•ë‚¨ì ìœ¼ë¡œì˜µë‹ˆë‹¤.ì˜¤ëŠ˜ì€ 2ëª…ì´ì„œ 13ë§Œì›ì¹˜ ë¨¹ì—ˆë„¤ìš”^^;ë‹¤ë§Œ ì¡°ê¸ˆ ì§œì„œ ê·¸ëŸ°ì§€ ì§‘ì—ì™€ì„œ ë¬¼ 1ë¦¬í„° ë„˜ê²Œ ë§ˆì…¨ì–´ìš”,3.3
137,ê¸ˆìš”ì¼ ì €ë… ì˜¤ëžœ ëŒ€ê¸° ëì— ë¨¹ì—ˆì§€ë§Œ ë§›ìžˆê²Œ ìž˜ë¨¹ì—ˆìŠµë‹ˆë‹¤. ì°¸ë‹¤ëž‘ì–´ ëŒ€ë±ƒì‚´..7700ì›ì— ë‘ í”¼ì“°ì¸ë° ì•„ì£¼ ë§›ìžˆë„¤ìš”. íŠ€ê¹€ë¥˜ë„ ë§Œì¡±ìŠ¤ëŸ¬ì› ìŠµë‹ˆë‹¤. ì§ì›ë¶„ë“¤ì´ ì¹œì ˆí•˜ì‹œê³  ì ê·¹ì ìœ¼ë¡œ ì‘ëŒ€í•´ì£¼ì…”ì„œ íŽ¸ì•ˆí•˜ê²Œ ì‹ì‚¬í–ˆìŠµë‹ˆë‹¤. ê°ì‚¬ë“œë¦½ë‹ˆë‹¤.,3.7
138,ê¸°ë³¸ì´ ì•ˆëœ ì´ˆë°¥ì§‘. ìƒì„ ë‘ê»˜,2.6
139, ì™€ì‚¬ë¹„,3.8
140, ë°¥ëŸ‰ ì „ë¶€ë‹¤ ì œê°ê°. ì´ˆë°¥ë·”íŽ˜ ìˆ˜ì¤€. ì¡°ë¦¬ì‚¬ê°€ ì£¼ë¬¸ì„œ ë§Œì§„ ì†ìœ¼ë¡œ ì´ˆë°¥ ì¥ëŠ”ê±° ì—¬ëŸ¬ë²ˆ ë³´ê³  í† í• ë»”.,5.0
141,100% ì¼ë³¸ìžë³¸ê¸ˆ ã…Žã…Žì¼ë³¸ì— ë§¤ìž¥ ë°±ì—¬ê°œ ì„±ì—…ì¤‘ì¸ í”„ë Œì°¨ì´ì¦ˆë¶ˆë§¤ìš´ë™ì¤‘ì¸ë°ã…¡ì—¬ê¸´ ë§›ìžˆì–´ì„œì¸ì§€ì¤„ì„ í•œì‹œê°„ ì„œì„œ ë¨¸ê¸ˆ,1.0
142,ê°€ê²©ëŒ€ë¹„ ë§› ìµœìƒì´ë¼ ìƒê°í•©ë‹ˆë‹¤ã…Žã…Ž,3.6
143,ë¹„ì‹¸ì§€ë§Œ ê´œì°®ì€ ë§›,3.3
144,ì§€ê¸ˆê¹Œì§€ ë¨¹ì€ ìŠ¤ì‹œ ë‹¤ ê°€ì§œìž„. ì—¬ê¸°êº¼ ë¨¹ì–´ë³´ë©´ í”í•˜ê²Œ ì°¾ì„ ìˆ˜ ìžˆëŠ” ìŠ¤ì‹œë“¤ì—ê²Œ ë°°ì‹ ê° ëŠë‚Œã…‹ã…‹ã…‹ã…‹ã…‹ã…‹ã…‹ ì•”íŠ¼ ë§›ìžˆì–´ìš”! ìƒˆìš°íŠ€ê¹€ë„ ê¼­ ë¨¹ì–´ë³´ì„¸ìš”,3.0
145,ê°“ëŽ€??,3.3
146,3.5ì ê·¸ëƒ¥ ìŠ¤ì‹œ ë¨¹ìœ¼ëŸ¬ ê°€ì„œ ìŠ¤ì‹œ ìž˜ ë¨¹ê³  ì˜¨ ì •ë„ê°•ë‚¨ì´ë¼ ì‚¬ëžŒì´ ë„ˆë¬´ ë§Žì•˜ë˜ ê²ƒ ê°™ìŒê·¸ëž˜ë„ ìž˜ ë¨¹ì—ˆìœ¼ë‹ˆ ê´œì°®ì•˜ìŒ,4.7
147,ì •ì‹ ì—†ê³  ê·¸ë‹¤ì§€ íŠ¹ë³„í•˜ë‹¨ ëŠë‚Œì—†ìŒí•œë²ˆê°„ê±¸ë¡œ ì¡±í•¨ì„œë¹„ìŠ¤ ê·¸ëƒ¥ì €ëƒ¥,2.9
148,í•œêµ­ì—ì„œ ë§›ë³¼ìˆ˜ ìžˆëŠ” ì¼ë³¸ì˜ ë§›.ê°€ê²©ì€ ë¹„ì‹¸ì§€ë§Œ ê·¸ì— ë§žëŠ” í€„ë¦¬í‹°ì™€ ì¹œì ˆí•¨ ë•Œë¬¸ì—í•œ ë‹¬ì— í•œ ë²ˆì€ ì°¾ëŠ” ê³³.,3.4
149,ë§›ìžˆì–´ì—¬ íŠ¸ëŸ¬í”Œì˜¤ì¼ ìƒˆìš° ë§›ìžˆì–´ìš” ê·¸ë¦¬ê³  ì´ë¦„ê¹Œë¨¹ì—ˆëŠ”ë”” ì´ê±° ì•Œ í†µí†µí•˜ê³  ë§›ìžˆì–´ìš© ~,3.6
150,ì¢…ì—…ì›ë“¤ ì™œ ê·¸ë ‡ê²Œ ì†Œë¦¬ë¥¼ ì§€ë¥´ëŠ”ì§€.... ì¡°ìš©ížˆ ëŒ€í™” ë‚˜ëˆ„ê¸°ì—” ë¶ˆê°€ëŠ¥í•œ ê³³. ë¶„ìœ„ê¸°ê°€ ì‹œìž¥íŒ ê°™ì•„ìš”,4.2
151,ì´ˆë°¥ì´ ì‚´ì‚´ë…¹ìŠµë‹ˆë‹¤ ì§„ì§œ ìž˜ë˜ëŠ” ì´ìœ ê°€ ìžˆìŠµë‹ˆë‹¤,4.5
152,ë§›ìž‡ì–´ìš” ê·¼ë° ì¤„ì´ì¢€ê¸°ë„¤ìš” ã…Žã…Žã…Ž,2.1
153,íšŒì „ì´ˆë°¥ì§‘ ì¤‘ ìµì˜¤,3.6
154,ë§›ì€ ë‘˜ì§¸ì¹˜ê³  ì„œë¹„ìŠ¤ê°€ ì§„ì§œ ì¢‹ìŒ ì•„ ê·¸ë ‡ë‹¤ê³  ë§›ì—†ëŠ”ê±´ì•„ë‹ˆê³  ì¼ë‹¨ ì„œë¹„ìŠ¤ ì˜¤ì§,3.8
155,ì €ë ´í•œ ê°€ê²©ì— íšŒì „ì´ˆë°¥ì„ ì¦ê¸¸ ìˆ˜ ìžˆëŠ” ê³³íšŒì „ìœ¨ë„ ë†’ì€ íŽ¸ì´ê³  ëª¨ë“  ì´ˆë°¥ì´ í‰íƒ€ì´ìƒì´ë‹¤ë‚¨ë…€ ë‘˜ì´ì„œ ë°°ë¶€ë¥´ê²Œ ë¨¹ì–´ë„ 4ë§Œì›ëŒ€ì— í•´ê²°í•  ìˆ˜ ìžˆë‹¤ë§›ì€ í‰ë²”í•˜ì§€ë§Œ ê°€ì„±ë¹„ë¥¼ ë”°ì§€ë©´ ì •ë§ ê´œì°®ì€ ê³³íƒ€ì´ë°ì„ ìž˜ëª» ë§žì¶°ê°€ë©´ í•œì‹œê°„ ëŒ€ê¸°ëŠ” ê°ìˆ˜í•´ì•¼í•œë‹¤,4.3
156,ê°€ê²©ì— ë¹„í•´ ë³„ë¡œìž„ ê°€ì§€ë§ˆì„¸ìš”,4.1
157,ì˜ˆì „ì— ìžì£¼ê°”ë˜ ê°€ì„±ë¹„ ì¢‹ì•˜ë˜ ìŠ¤ì‹œì§‘ìš”ìƒŒ ì›Œë‚™ ë§›ìžˆëŠ” ìŠ¤ì‹œì§‘ì´ ë§Žì•„ì„œ ìž˜ ì•ˆê°€ê²Œë¨,3.9
158,ìžì£¼ë¨¹ì§€ë§Œ ì—­ì‹œë‚˜ ë§›ìžˆìŒ,3.1
159,ìµœê·¼ ê°„ ì´ˆë°¥ì§‘ì¤‘ ì œì¼ ë§›ìžˆì—ˆì–´ìš©. ì›¨ì´íŒ…ì´ ê¸¸ê¸´í–ˆì§€ë§Œê·¸ë§Œí¼ ê°’ì–´ì¹˜ë¥¼ í–ˆë˜ê±°ê°™ì•„ìœ  ã…Žã…Žã…Ž,3.9
160,ë§›ìžˆì–´ìš”! ì§ì›ë¶„ë“¤ì´ ë„ˆë¬´ ì¹œì ˆí•˜ì…”ì„œ ì¸ìƒê¹Šì–´ìš”,4.3
161,ë§›ìžˆëŠ” ì´ˆë°¥ ê³¨ë¼ë¨¹ìœ¼ë©´ ê´œì°®ì•„ìš” ì¼ë¶€ ë…¸ë§›ì´ ìžˆì–´ì„œ í•˜ë‚˜ ëºŒ,3.6
162,ì „ì²´ì ìœ¼ë¡œ ë§›ìžˆê³  ê°€ì„±ë¹„ë„ ê´œì°®ì•˜ì–´ìš” !ì§ì›ë¶„ë“¤ë„ ë‹¤ë“¤ ì¹œì ˆí•˜ì…¨ìŠµë‹ˆë‹¹,3.0
163,ëŸ°ì¹˜íŠ¹ì„  ê·¹ê°•ì˜ ê°€ì„±ë¹„ ë§›ë„ìµœê³ ì—ìš”ê°€ê²Œ ë¶„ìœ„ê¸°ëŠ” ì‹œëŒì‹œëŒì˜ˆë¯¼í•˜ì‹ ë¶„ë“¤ì€ ì¢€ ì‚°ë§Œí•˜ë‹¤ê³  ëŠë¼ì‹¤ë“¯,4.0
164,ì¼ë³¸ ã…¡.ã…¡,1.0
165,ê°€ì¥ë¨€ìƒˆíš¨ ìž‰ë´‰ì‹žëŒ±,4.0
166,ã„±ã…ˆã…,3.3
167,ì˜ì–´ë¡œ ì¶”ì²œí• ê»˜ìš”. Really good sushi. Recommend this. Plus the conveyor belt is fun!,2.9
168,ì¹œì ˆí•˜ê³  ë§›ìžˆì–´ìš”,2.3
169,ë§›ìžˆê³  ì‹ ì„ í•´ìš”ë°¥ì—ìžˆëŠ” ì¡°ë¯¸ë£Œë•Œë¬¸ì— ëë§›ì´ ì¡°ê¸ˆ ëŠë¼í•œê²ƒ ë¹¼ê³¤ ì¢‹ì•„ìš”,3.7
170,ë§›ìžˆì–´ìš”. ê·¼ë° ì£¼ë¬¸ì„ ë¹¨ë¦¬ ë¹¨ë¦¬ ì•ˆ ë°›ì•„ì¤˜ì„œ,5.0
171, ì´ˆë°¥ ê¸°ë‹¤ë¦¬ë‹¤ê°€ ë°°ë¶ˆëŸ¬ì„œ ë” ëª»ë¨¹ê³  ë‚˜ì˜¨ì  ìžˆìŒ. í‰ì¼ ì ì‹¬ë„ ì›¨ì´íŒ…ì´ ìžˆëŠ”íŽ¸.,1.0
172,ë¹„ì‹¸ì§€ë§Œ ë§›ìžˆìŒ,3.0
