새벽집 청담동점,https://www.siksinhot.com/P/323
청담골,https://www.siksinhot.com/P/90371
볼트82,https://www.siksinhot.com/P/359301
삼성원조양곱창,https://www.siksinhot.com/P/320351
신의주찹쌀순대,https://www.siksinhot.com/P/251318
신미식당,https://www.siksinhot.com/P/120236
일일향 압구정1호점,https://www.siksinhot.com/P/316401
한추,https://www.siksinhot.com/P/17931
구스테이크528,https://www.siksinhot.com/P/245670
개미집,https://www.siksinhot.com/P/102327
미미면가,https://www.siksinhot.com/P/321844
길버트 버거앤프라이즈,https://www.siksinhot.com/P/359227
골드피쉬 딤섬퀴진,https://www.siksinhot.com/P/137014#
만두집,https://www.siksinhot.com/P/273658
JS 가든 압구정점,https://www.siksinhot.com/P/340905